{
    "intents":[
        {
            "tag": "greeting",
            "patterns": [
                "Hi",
                "Hey",
                "Is anyone there?",
                "Hello",
                "Good day",
                "Good morning",
                "Good afternoon",
                "Good evening",
                "Howdy",
                "Hi there",
                "Hello there",
                "Hey there",
                "hiya",
                "What's up",
                "Yo",
                "Sup",
                "Hola",
                "Bonjour" 
            ],
            "responses": [
                "Hello, Welcome to Play2Earn.ai.How can I assist you today?",
                "Hello, Welcome to Play2Earn.ai.How can I help you?",
                "Hey there! Welcome to Play2Earn.ai. How can I help you?"
            ]
        },
        {
            "tag": "howareyou",
            "patterns": [
                "How are you",
                "How are you doing"
            ],
            "responses": [
                "I am doing great. How can i assist you today?",
                "I am doing well. How can i assist you today?"
            ]
        },
        {
            "tag": "goodbye",
            "patterns": [
                "Bye",
                "See you later",
                "Goodbye",
                "I'm out",
                "I'm done",
                "I'm leaving",
                "I'll be back",
                "Farewell",
                "Catch you later",
                "So long",
                "Adios",
                "Au revoir",
                "Until next time",
                "Peace out",
                "Ciao",
                "Cheerio",
                "Toodles",
                "Sayonara"                
            ],
            "responses": [
                "See you later and thank you for visting Play2Earn.ai",
                "Have a nice day and thank you for visting Play2Earn.ai"
            ]
        },
        {
            "tag": "introduction",
            "patterns": [
                "What is Play2Earn.ai",
                "What is Play2Earn",
                "What is Play2Earn.ai about",
                "What is Play2Earn about",
                "What is this website about",
                "Can you explain Play2Earn",
                "Can you explain Play2Earn.ai"
            ],
            "responses": [
                "Play2Earn.ai is a platform where users can earn cryptocurrency tokens by completing tasks that help train AI models. Our mission is to democratize AI development by making it accessible and rewarding for everyone."
                
            ]
        },
        {
            "tag":"function",
            "patterns": [
                "How does Play2Earn work",
                "How does Play2Earn.ai work",
                "how does Play2Earn function",
                "how does Play2Earn.ai function"              
            ],
            "responses": [
                "Users register on the platform, complete various tasks, and earn cryptocurrency tokens as rewards. These tasks contribute to the training and improvement of AI models."
            ]
        },
        {
            "tag": "joining",
            "patterns": [
                "Who can join Play2earn.ai",
                "Who can join Play2Earn",
                "Who are allowed to join Play2Earn.ai",
                "Who are allowed to join Play2Earn",
                "Who is allowed to join Play2Earn.ai",
                "Who is allowed to join Play2Earn",
                "Who can participate in Play2Earn.ai",
                "Who can participate in Play2Earn",
                "Who is allowed to participate in Play2Earn.ai",
                "Who is allowed to participate in Play2Earn"
            ],
            "responses": [
                "Anyone can join Play2Earn.ai. We welcome users from all backgrounds who are interested in contributing to AI development and earning rewards."
            ]    
        },
        {
            "tag": "createaccount",
            "patterns": [
                "How to create account",
                "How to create an account",
                "How do I create an account",
                "How to sign up to Play2Earn.ai",
                "How to sign up to Play2Earn",
                "How do I sign up to Play2Earn.ai",
                "How do I sign up to Play2Earn",
                "How to register on Play2Earn.ai",
                "How to register on Play2Earn",
                "How do I register on Play2Earn.ai",
                "How do I register on Play2Earn",
                "How to create an account on Play2Earn.ai",
                "How to create an account on Play2Earn",
                "How do I create an account on Play2Earn.ai",
                "How do I create an account on Play2Earn",
                "How to create an account on Play2Earn.ai",
                "How to create an account on Play2Earn",
                "How do I create an account on Play2Earn.ai",
                "How do I create an account on Play2Earn"
            ],
            "responses": [
                "Click on the Register or Sign Up button on the home page, fill out the form with your username, email, and password, and submit the form. You will receive a confirmation email to activate your account."
            ]
        },
        {
            "tag": "loginaccount",
            "patterns": [
                "How to login account",
                "how to log in to my account",
                "how to log in",
                "How do I login to my account",
                "how do i log in",
                "how do i sign in",
                "how to sign in",
                "How to sign in to Play2Earn.ai",
                "How to sign in to Play2Earn",
                "How do I sign in to Play2Earn.ai",
                "How do I sign in to Play2Earn",
                "How to log in to Play2Earn.ai",
                "How to log in to Play2Earn",
                "How do I log in to Play2Earn.ai",
                "How do I log in to Play2Earn",
                "How to log in to Play2Earn.ai",
                "How to log in to Play2Earn"
            ],
            "responses": [
                "Click on the Login button on the home page, fill out the form with your username and password, and submit the form. You will be redirected to your account page."
            ]
        },
        {
            "tag": "forgotpassword",
            "patterns": [
                "I forgot my password",
                "forgot password",
                "How to reset password",
                "How do I reset my password",
                "How can I reset my password",
                "How do I reset my password on Play2Earn.ai",
                "How do I reset my password on Play2Earn",
                "How can I reset my password on Play2Earn.ai",
                "How can I reset my password on Play2Earn",
                "How do I reset my password on Play2Earn.ai",
                "How do I reset my password on Play2Earn",
                "How to change my password",
                "How do I change my password",
                "How can I change my password",
                "How do I change my password on Play2Earn.ai",
                "How do I change my password on Play2Earn",
                "How can I change my password on Play2Earn.ai",
                "How can I change my password on Play2Earn",
                "How do I change my password on Play2Earn.ai",
                "How do I change my password on Play2Earn"
            ],
            "responses": [
                "Click on the Forgot Password link on the login page, enter your registered email, and follow the instructions in the email to reset your password."
            ]
        },
        {
            "tag": "updateprofile",
            "patterns": [
                "How to update my profile",
                "How do I update my profile",
                "How do I update my profile info",
                "How do I update my profile information",
                "how to update profile information",
                "update profile information",
                "How to update my profile on Play2Earn.ai",
                "How to update my profile on Play2Earn",
                "How do I update my profile on Play2Earn.ai",
                "How do I update my profile on Play2Earn.ai",
                "How do I update my profile on Play2Earn",
                "How can I change my profile info",
                "How can I change my profile information",
                "How can I change my profile information on Play2Earn.ai",
                "How can I change my profile information on Play2Earn",
                "How do I change my profile information on Play2Earn.ai",
                "How do I change my profile information on Play2Earn"
            ],
            "responses": [
                "Log in to your account, navigate to the Profile page, and update your information as needed. Click Save to apply the changes."
            ]
        },
        {
            "tag": "tasksavailable",
            "patterns": [
                "What tasks are available",
                "What tasks are available on Play2Earn.ai",
                "What tasks are available on Play2Earn",
                "what type of tasks are available on Play2Earn.ai",
                "what type of tasks are available on Play2Earn",
                "What kind of tasks are available on Play2Earn.ai",
                "What kind of tasks are available on Play2Earn"
            ],
            "responses": [
                "Play2Earn.ai offers various tasks that help train AI models. These include surveys, data duplication detection, CAPTCHA completion, and AI Model training feedback.These tasks contribute to the development of AI models and help you earn rewards."
            ]
        },
        {
            "tag": "rewardcalc",
            "patterns": [
                "How are rewards calculated",
                "How are rewards calculated on Play2Earn.ai",
                "How are rewards calculated on Play2Earn",
                "How rewards are calculated",
                "How rewards are calculated on Play2Earn.ai",
                "How rewards are calculated on Play2Earn"
            ],
            "responses": [
                "Rewards are based on the complexity and difficulty of the task. Each task has a predefined reward amount, which you can view on the task details page."
            ]
        },
        {
            "tag":"earncollect",
            "patterns": [
                "How do I withdraw my earnings",
                "How do I withdraw my earnings on Play2Earn.ai",
                "How do I withdraw my earnings on Play2Earn",
                "how to withdraw earnings",
                "how to withdraw my earnings on Play2Earn.ai",
                "how to withdraw my earnings on Play2Earn",
                "how to collect my earnings",
                "how to collect my earnings on Play2Earn.ai",
                "how to collect my earnings on Play2Earn",
                "How do I collect my earnings on Play2Earn.ai",
                "How do I collect my earnings on Play2Earn",
                "How do I collect my earnings"
            ],
            "responses": [
                "Go to the Rewards page, check your available balance, and click on the Withdraw button. Follow the instructions to transfer your earnings to your cryptocurrency wallet."
            ]
        },
        {
            "tag": "technicalissue",
            "patterns": [
                "I have a technical issue",
                "I have a technical issue on Play2Earn.ai",
                "I have a technical issue on Play2Earn",
                "How can I report a technical issue",
                "How can I report a technical issue on Play2Earn.ai",
                "How can I report a technical issue on Play2Earn",
                "I encountered a technical issue",
                "I encountered a technical issue on Play2Earn.ai",
                "I encountered a technical issue on Play2Earn",
                "I encountered an issue",
                "I encountered an issue on Play2Earn.ai",
                "I encountered an issue on Play2Earn",
                "I found an issue",
                "I found an issue on Play2Earn.ai",
                "I found an issue on Play2Earn",
                "I encountered a problem",
                "I encountered a problem on Play2Earn.ai",
                "I encountered a problem on Play2Earn",
                "I found a problem",
                "I found a problem on Play2Earn.ai",
                "I found a problem on Play2Earn"
            ],
            "responses": [
                "If you experience any technical issues, please contact our support team by filling out the contact form on the Support page or by emailing support@play2earn.ai."
            ]
        },
        {
            "tag": "reportbug",
            "patterns": [
                "I found a bug",
                "I found a bug on Play2Earn.ai",
                "I found a bug on Play2Earn",
                "how to report a bug",
                "how to report a bug on Play2Earn.ai",
                "how to report a bug on Play2Earn",
                "How do i report a bug",
                "How to report bugs",
                "How to report bugs on Play2Earn.ai",
                "How to report bugs on Play2Earn",
                "I encountered a bug",
                "I encountered a bug on Play2Earn.ai",
                "I encountered a bug on Play2Earn"
            ],
            "responses": [
                "To report a bug, go to the Support page and fill out the bug report form with a detailed description of the issue. Our technical team will investigate and address the problem as soon as possible."
            ]
        },
        {
            "tag": "datasecure",
            "patterns": [
                "is my data secure",
                "is my data secure on Play2Earn.ai",
                "is my data secure on Play2Earn",
                "how is data security ensured",
                "how is data security ensured on Play2Earn.ai",
                "how is data security ensured on Play2Earn",
                "How secure is Play2Earn.ai",
                "How secure is Play2Earn",
                "How is data security prioritized at Play2earn.ai",
                "How is data security prioritized at Play2earn",
                "How is data security ensured at Play2earn.ai",
                "How is data security ensured at Play2earn"
            ],
            "responses": [
                "Yes, we prioritize the security of our users' data. We use industry-standard security measures to protect your information and ensure secure transactions."
            ]
        },
        {
            "tag": "rules",
            "patterns": [
                "what are the rules",
                "what are the rules for using Play2Earn.ai",
                "what are the rules for using Play2Earn",
                "what are the rules on using Play2Earn.ai",
                "what are the rules on using Play2Earn",
                "what are the terms of service",
                "what are the terms of service for using Play2Earn.ai",
                "what are the terms of service for using Play2Earn",
                "what are the terms of service on using Play2Earn.ai",
                "what are the terms of service on using Play2Earn",
                "what are the community guidelines",
                "what are the community guidelines for using Play2Earn.ai",
                "what are the community guidelines for using Play2Earn",
                "what are the community guidelines on using Play2Earn.ai",
                "what are the community guidelines on using Play2Earn"
            ],
            "responses": [
                "Users must adhere to our terms of service and community guidelines, which prohibit fraudulent activities, spamming, and any form of misconduct. The rules and terms of service can be found on the FAQ Page. Violating these rules can result in account suspension or termination."
            ]
        },
        {   
            "tag":"contactcsupport",
            "patterns": [
                "How can I contact customer support",
                "How can I contact customer support on Play2Earn.ai",
                "How can I contact customer support on Play2Earn",
                "how to contact customer support",
                "how to contact customer support on Play2Earn.ai",
                "how to contact customer support on Play2Earn",
                "contact customer support",
                "contact support on Play2Earn.ai",
                "contact support on Play2Earn"
            ],
            "responses": [
                "You can contact our customer support team by emailing support@play2earn.ai or by filling out the contact form on the Support page."
            ]
        },
        {
            "tag": "referral",
            "patterns": [
                "Can i refer friends",
                "Can i refer friends to Play2Earn.ai",
                "Can i refer friends to Play2Earn",
                "Can i refer my friends to Play2Earn.ai",
                "Can i refer my friends to Play2Earn",
                "How can i refer friends to Play2Earn.ai",
                "How can i refer friends to Play2Earn",
                "How can i refer my friends to Play2Earn.ai",
                "How can i refer my friends to Play2Earn",
                "How do i refer friends to Play2Earn.ai",
                "How do i refer friends to Play2Earn",
                "How do i refer my friends to Play2Earn.ai",
                "How do i refer my friends to Play2Earn"
            ],
            "responses": [
                "Yes, you can refer friends to Play2Earn.ai. You can do this by following the instructions on the Referral page."
            ]   
        },
        {
            "tag": "sysreq",
            "patterns": [
                "What are the system requirements",
                "What are the system requirements to use Play2Earn.ai",
                "What are the system requirements to use Play2Earn",
                "What is the system requirements to use Play2Earn.ai",
                "What is the system requirements to use Play2Earn",
                "System requirements to use Play2Earn.ai",
                "System requirements to use Play2Earn"
            ],
            "responses": [
                "Play2Earn.ai is accessible via most modern web browsers on desktop and mobile devices. Ensure you have a stable internet connection for the best experience."
            ]
        },
        {
            "tag": "earnwithplay2earn",
            "patterns": [
                "How can i earn with Play2Earn.ai",
                "How can i earn with Play2Earn",
                "How can i earn on Play2Earn.ai",
                "How can i earn on Play2Earn",
                "How do i earn with Play2Earn.ai",
                "How do i earn with Play2Earn",
                "How do i earn on Play2Earn.ai",
                "How do i earn on Play2Earn"
            ],
            "responses": [
                "Play2Earn.ai offers a variety of different tasks that can be completed by users. These tasks contribute to the training and improvement of AI models."
            ]            
        },
        {
            "tag": "mission",
            "patterns": [
                "What is the mission of play2earn.ai",
                "What is the mission of Play2Earn",
                "What is the purpose of Play2Earn.ai",
                "What is the purpose of Play2Earn",
                "Mission of play2earn.ai",
                "Mission of Play2Earn",
                "purpose of play2earn.ai",
                "purpose of Play2Earn",
                "vision of play2earn.ai",
                "vision of Play2Earn",
                "What is the vision of play2earn.ai",
                "What is the vision of Play2Earn"
            ],
            "responses": [
                "Our mission is to democratize AI development, making it accessible and rewarding for everyone."
            ]
        },
        {
            "tag": "accesibility",
            "patterns": [
                "Is play2earn.ai accessible to everyone",
                "Is Play2Earn accessible to everyone",
                "who can access Play2Earn.ai",
                "who can access Play2Earn",
                "Can i use Play2earn.ai on my device",
                "Can i use Play2Earn on my device",
                "Can i participate in play2earn.ai from any country",
                "Can i participate in Play2Earn from any country"
            ],
            "responses": [
                "Play2Earn.ai is a global platform that is accessible via most modern web browsers on desktop and mobile devices. Ensure you have a stable internet connection for the best experience.You can participate from any country as long as you have access to internet and comply with your local regulations"
            ]
        },
        {
            "tag": "beginusingplay2earn",
            "patterns": [
                "How can i begin using Play2Earn.ai",
                "How can i begin using Play2Earn",
                "How can i start using Play2Earn.ai",
                "How can i start using Play2Earn",
                "How do i begin using Play2Earn.ai",
                "How do i begin using Play2Earn",
                "How do i start using Play2Earn.ai",
                "How do i start using Play2Earn",
                "How do i get started using Play2Earn.ai",
                "How do i get started using Play2Earn"
            ],
            "responses": [
                "To get started, sign up on our platform, complete your profile, and start participating in AI training activities and tasks to earn tokens."
            ]
        },
        {
            "tag": "minlimit",
            "patterns": [
                "What is the minimum amount of tokens i can withdraw",
                "What is the minimum amount of tokens i can withdraw on Play2Earn.ai",
                "What is the minimum amount of tokens i can withdraw on Play2Earn",
                "Is there a minimum number of tokens needed to withdraw",
                "Is there a minimum limit to withdraw",
                "Is there a minimum number of tokens needed to withdraw on Play2Earn.ai",
                "Is there a minimum number of tokens needed to withdraw on Play2Earn",
                "How much is the minimum amount of tokens i can withdraw",
                "How much is the minimum amount of tokens i can withdraw on Play2Earn.ai",
                "How much is the minimum amount of tokens i can withdraw on Play2Earn",
                "What is the minimum token withdrawal limit on Play2Earn.ai",
                "What is the minimum token withdrawal limit on Play2Earn"
            ],
            "responses": [
                "To ensure smooth withdrawals, we've set a minimum threshold for token amount. You can find the exact amount in our platform's FAQ page."
            ]
        },
        {
            "tag": "unique",
            "patterns": [
                "What is unique about Play2Earn.ai",
                "What is unique about Play2Earn",
                "What makes Play2Earn.ai unique",
                "What makes Play2Earn unique",
                "What makes Play2earn.ai different",
                "What makes Play2Earn different",
                "what makes Play2earn different from other platforms",
                "what makes Play2Earn.ai different from other platforms",
                "What makes Play2earn.ai special",
                "What makes Play2Earn special",
                "What makes Play2earn special when compared to other platforms",
                "What makes Play2Earn special when compared to other platforms"
            ],
            "responses": [
                "Play2Earn.ai combines gamification with AI development, allowing users to earn cryptocurrency while contributing to valuable AI training tasks. This unique approach democratizes AI development."
            ]
        },
        {
            "tag": "fee",
            "patterns": [
                "Is there any fee for using Play2Earn.ai",
                "Is there any fee for using Play2Earn",
                "How much does it cost to use Play2Earn.ai",
                "How much does it cost to use Play2Earn",
                "How much does it cost to use Play2earn.ai",
                "How much does it cost to use Play2Earn",
                "what is the cost for using Play2earn.ai",
                "what is the cost for using Play2Earn",
                "what is the cost",
                "Is there any charges for using Play2earn.ai",
                "Is there any charges for using Play2Earn"
            ], 
            "responses": [
                "Participation in tasks and earning tokens is completely free! When it comes to withdrawing your tokens, you might encounter standard fees associated with cryptocurrency transactions on most platforms."
            ]
        },
        {
            "tag": "earnmore",
            "patterns": [
                "How to maximize my earnings on play2earn.ai",
                "How to maximize my earnings on play2earn",
                "How to increase my earnings on play2earn.ai",
                "How to increase my earnings on play2earn",
                "How can i increase my earnings on play2earn.ai",
                "How can i increase my earnings on play2earn",
                "How to earn better on play2earn.ai",
                "How to earn better on play2earn",
                "How can i earn better on play2earn.ai",
                "How can i earn better on play2earn",
                "How to earn more on play2earn.ai",
                "How to earn more on play2earn",
                "How can i earn more on play2earn.ai",
                "How can i earn more on play2earn",
                "How to earn more"
            ],
            "responses": [
                "Unleash your full earning potential on Play2Earn.ai! To maximize your earnings, consistently participate by completing tasks regularly. Strive for exceptional work in surveys and data validation,  because accuracy and high quality can unlock bonus opportunities. Level up alongside the Play2Earn.ai community,connect with other users, learn best practices, and discover higher-earning tasks to boost your earnings as you progress. Don't forget to stay informed! Keep an eye out for platform updates and announcements, as new tasks with better rewards might be introduced. Remember, every task you complete contributes valuable data that shapes the future of AI. You're not just earning tokens, you're making a real impact!"
            ]
        },
        {
            "tag": "commsupport",
            "patterns": [
                "What kind of community support does Play2Earn.ai have",
                "What kind of community support does Play2Earn have",
                "What kind of community support does Play2earn.ai offer",
                "What kind of community support does Play2Earn offer",
                "What kind of community does Play2earn.ai have",
                "What kind of community does Play2Earn have",
                "What kind of community does Play2earn.ai offer",
                "What kind of community does Play2Earn offer"
            ],
            "responses": [
                "We offer a supportive community where users can share tips, ask questions, and collaborate on AI training tasks. Our support team is also available to assist with any issues."
            ]
        },
        {
            "tag": "futureplan",
            "patterns": [
                "What is the future plan of Play2Earn.ai",
                "What is the future plan of Play2Earn",
                "What are the future plans for Play2Earn.ai",
                "What are the future plans for Play2Earn",
                "Any future plans for Play2earn.ai",
                "Any future plans for Play2Earn"
            ],
            "responses": [
                "Our future plans include expanding the range of tasks, enhancing the user experience, and integrating more advanced AI technologies to provide even more opportunities for users to contribute and earn."
            ]
        },
        {
            "tag": "qualitycontribution",
            "patterns": [
                "How does play2earn.ai ensure quality of user contributions",
                "How does play2earn ensure quality of user contributions",
                "How play2earn.ai ensures quality of user contributions",
                "How play2earn ensures quality of user contributions"
            ],
            "responses": [
                "We use a combination of automated verification systems and peer reviews to ensure the quality and accuracy of user contributions."
            ]
        },
        {
            "tag": "progresstrack",
            "patterns": [
                "Can i track my progress and earnings on Play2Earn.ai",
                "Can i track my progress and earnings on Play2Earn",
                "How can i track my progress and earnings on Play2Earn.ai",
                "How can i track my progress and earnings on Play2Earn",
                "Track my progress and earnings on Play2Earn.ai",
                "Track my progress and earnings on Play2Earn",
                "How do i track my progress and earnings on Play2Earn.ai",
                "How do i track my progress and earnings on Play2Earn",
                "Can i track my progress on Play2Earn.ai",
                "Can i track my progress on Play2Earn",
                "How can i track my progress on Play2Earn.ai",
                "How can i track my progress on Play2Earn"
            ],
            "responses": [
                "Yes, you can track your progress, completed tasks, and earnings through your user dashboard on the Play2Earn.ai platform."
            ]
        },
        {
            "tag": "taskaddition",
            "patterns": [
                "How often are new tasks added to Play2Earn.ai",
                "How often are new tasks added to Play2Earn",
                "How frequently are new tasks added to Play2Earn.ai",
                "How frequently are new tasks added to Play2Earn",
                "How frequently are new tasks added to the platform",
                "How often are new tasks added to the platform"
            ],
            "responses": [
                "New tasks are added regularly to the platform. We regularly update our task library to ensure that you can participate in new tasks with as little effort as possible."
            ]               
        },
        {
            "tag": "leaderboard",
            "patterns": [
                "Is there a leaderboard or ranking system on Play2Earn.ai",
                "Is there a leaderboard or ranking system on Play2Earn",
                "What is the leaderboard or ranking system on Play2Earn.ai",
                "What is the leaderboard or ranking system on Play2Earn",
                "Is there a leaderboard or ranking system on the platform",
                "What is the leaderboard or ranking system on the platform"                
            ],
            "responses": [
                "Yes, Play2Earn.ai features a leaderboard where users can see their ranking based on their contributions and earnings."
            ]
        },
        {
            "tag": "rewardfairdistribution",
            "patterns": [
                "How does play2earn.ai ensure fair distribution of rewards",
                "How does play2earn ensure fair distribution of rewards",
                "How does play2earn.ai distribute rewards",
                "How does play2earn distribute rewards",
                "How play2earn.ai ensures fair distribution of rewards",
                "How play2earn ensures fair distribution of rewards",
                "How play2earn.ai distributes rewards",
                "How play2earn distributes rewards"
            ],
            "responses": [
                "Rewards are distributed based on the quality and quantity of contributions. Our system ensures that high-quality contributions are rewarded appropriately."
            ]
        },
        {
            "tag": "agerestriction",
            "patterns": [
                "What is the age restriction on Play2Earn.ai",
                "What is the age restriction on Play2Earn",
                "What is the age restriction on the platform",
                "Are there any age restrictions on Play2Earn.ai",
                "Are there any age restrictions on Play2Earn",
                "Are there age restrictions for using play2earn.ai",
                "Are there any age restrictions for using Play2Earn",
                "Are there age restrictions for using Play2Earn.ai",
                "Are there any age restrictions for using Play2Earn.ai"                
            ],
            "responses": [
                "Yes, participants must be at least 18 years old or the age of majority in their jurisdiction to participate in Play2Earn.ai."
            ]
        },
        {
            "tag": "tokenstorage",
            "patterns": [
                "How are tokens stored on Play2Earn.ai",
                "How are tokens stored on Play2Earn",
                "How are tokens stored on the platform",
                "How are tokens earned on Play2earn.ai stored",
                "How are tokens earned on Play2earn stored",
                "How are tokens earned on the platform stored"
            ],
            "responses": [
                "Tokens earned on Play2Earn.ai are stored in a secure digital wallet associated with your account."
            ]
        },
        {
            "tag": "transfertokens",
            "patterns": [
                "Can i transfer my tokens to other users",
                "Can my tokens be transferred to other users",
                "Can my tokens be transferred between users",
                "Can i transfer my tokens to others",
                "Can my tokens be transferred to others",
                "Can my tokens be transferred between users",
                "Can i transfer my tokens to other users on Play2Earn.ai",
                "Can my tokens be transferred to other users on Play2Earn.ai",
                "Can my tokens be transferred between users on Play2Earn.ai",
                "Can i transfer my tokens to others on Play2Earn.ai",
                "Can my tokens be transferred to others on Play2Earn.ai",
                "Can i transfer my tokens to other users on Play2Earn",
                "Can my tokens be transferred to other users on Play2Earn",
                "Can i transfer my tokens to others on Play2Earn",
                "Can my tokens be transferred to others on Play2Earn",
                "Can my tokens be transferred between users on Play2Earn"
            ],
            "responses": [
                "Yes, you can transfer your tokens to other users on the Play2Earn.ai platform or to external cryptocurrency wallets."
            ]
        },
        {
            "tag": "fraudprevention",
            "patterns": [
                "What is the fraud prevention system on Play2Earn.ai",
                "What is the fraud prevention system on Play2Earn",
                "What is the fraud prevention system on the platform",
                "Are there any fraud prevention systems on Play2Earn.ai",
                "Are there any fraud prevention systems on Play2Earn",
                "Are there any fraud prevention systems on the platform",
                "What measures does Play2earn.ai use to prevent fraud",
                "What measures does Play2earn use to prevent fraud"
            ],
            "responses": [
                "Play2Earn.ai employs advanced fraud detection algorithms and manual reviews to prevent fraudulent activities and ensure a fair and secure environment."
            ] 
        },
        {
            "tag": "earnlimit",
            "patterns": [
                "Is there a limit to how much i can earn on Play2Earn.ai",
                "Is there a limit to how much i can earn on Play2Earn",
                "Is there a limit to how much i can earn on the platform",
                "Is there limit to earning on play2earn.ai",
                "Is there limit to earning on play2earn"
            ],
            "responses": [
                "There is no set limit to how much you can earn. Your earnings depend on the amount and quality of your contributions."
            ]
        },
        {
            "tag": "userprivacy",
            "patterns": [
                "How does play2earn handle user privacy",
                "How does play2earn.ai handle user privacy",
                "How is user privacy handled by Play2Earn.ai",
                "How is user privacy handled by Play2Earn",
                "How is user privacy maintained by Play2Earn.ai",
                "How is user privacy maintained by Play2Earn"
            ],
            "responses": [
                "Play2Earn.ai takes user privacy seriously. We adhere to strict data privacy regulations and ensure that user data is protected and used only for the purposes described in our privacy policy."
            ]
        },
        {
            "tag": "multitask",
            "patterns": [
                "Can i do multiple tasks on Play2Earn.ai",
                "Can i do multiple tasks on Play2Earn",
                "Can i do multiple tasks on the platform",
                "Can i do multiple tasks on play2earn.ai",
                "Can i do multiple tasks on play2earn",
                "Can i participate in multiple tasks simultaneously",
                "Is participation in multiple tasks simultaneously allowed on play2earn.ai",
                "Is participation in multiple tasks simultaneously allowed on play2earn"
            ],
            "responses": [
                "Yes, you can participate in multiple tasks simultaneously, allowing you to maximize your earnings and contributions."
            ]
        },
        {
            "tag": "tutorial",
            "patterns": [
                "Is there tutorials or resources for new users on Play2Earn.ai",
                "Is there tutorials or resources for new users on Play2Earn",
                "Is there tutorials or resources for new users on the platform",
                "Are there tutorials or resources for new users on play2earn.ai",
                "Are there tutorials or resources for new users on play2earn",
                "Are there tutorials or resources for new users on the platform"
            ],
            "responses": [
                "Play2Earn.ai empowers new users with training materials, tutorials, and resources to get you started quickly and contribute effectively."
            ]
        },
        {
            "tag": "valcontributions",
            "patterns": [
                "What types of contributions are most valuable on Play2Earn.ai",
                "What types of contribution are most valuable on Play2Earn",
                "What types of contribution are most valuable on the platform",
                "What types of contributions are most valuable to play2earn.ai",
                "What types of contributions are most valuable to play2earn",
                "What types of contributions are most valuable to the platform"
            ],
            "responses": [
                "High-quality data labeling, insightful feedback, and active participation in research studies are some of the most valuable contributions on Play2Earn.ai."
            ]
        }
    ]
}